{
    "name": "acm-template-generator",
    "description": "ACM 示例模板生成器",
    "fileConfig": {
        "sourceRootPath": "D:/fullStack/wcode-generator/wcode-generator-demo-projects/acm-template",
        "files": [
            {
                "inputPath": "/src/com/wjp/acm/MainTemplate.java",
                "outputPath": "/src/com/wjp/acm/MainTemplate.java.ftl",
                "type": "file",
                "generateType": "dynamic"
            }
        ]
    },
    "modelConfig": {
        "models": [
            {
                "fieldName": "outputText",
                "type": "String",
                "defaultValue": "sum = "
            }
        ]
    }
}